title,price,original_price,rating,reviews,link,image,category
"Kare Design Deco Object Thinking Gorilla Head, Black, Modern, Handmade",£303.27,,4.8,38,https://www.amazon.co.uk/s?k=Kare+Design+Thinking+Gorilla+Head+Black,https://m.media-amazon.com/images/I/81X9x7+uDzL._AC_UL320_.jpg,home
"Clamp on Desk Shelf, 24in 2-Tier Office Desk Shelves Organizer, Black",£176.83,,4.7,42,https://www.amazon.co.uk/s?k=Clamp+on+Desk+Shelf+Black,https://m.media-amazon.com/images/I/71vWVzFZMAL._AC_UL320_.jpg,electronics
"Madison Park Modern Luxe Geomatric Art Sculpture, Black/Gold",£164.63,,4.4,91,https://www.amazon.co.uk/s?k=Madison+Park+Geometric+Sculpture+Black,https://m.media-amazon.com/images/I/71NCK-fueOL._AC_UL320_.jpg,home
"Kare Design Deco Object King Skull, Black, Elegant, Handpainted",£154.19,,4.4,50,https://www.amazon.co.uk/s?k=Kare+Design+King+Skull+Black,https://m.media-amazon.com/images/I/71HhzGbXCjL._AC_UL320_.jpg,home
"Superior Cotton 10 Piece Towel Set, Black",,4.4,575,https://www.amazon.co.uk/s?k=Superior+Cotton+Towel+Set+Black,https://m.media-amazon.com/images/I/81w0BiG2QPL._AC_UL320_.jpg,home
"Kare Design Deco Object Quiet Face, Black, Modern Statue",£107.62,,5.0,6,https://www.amazon.co.uk/s?k=Kare+Design+Quiet+Face+Black,https://m.media-amazon.com/images/I/517mprU-S1L._AC_UL320_.jpg,home
"Blulu 4 Pcs Wire Wall Basket with Hooks, Black Metal",£97.87,£24.47,4.2,8,https://www.amazon.co.uk/s?k=Blulu+Wire+Wall+Basket+Black,https://m.media-amazon.com/images/I/81+mHbUfdSL._AC_UL320_.jpg,home
"OLANLY Bathroom Rugs Sets 3 Piece, Black",£95.80,£19.16,4.2,336,https://www.amazon.co.uk/s?k=OLANLY+Bathroom+Rugs+Set+Black,https://m.media-amazon.com/images/I/71NgYX4EB9L._AC_UL320_.jpg,home
"Clara Clark Bathroom Set - Black Bathroom Accessories Set, 19PC",£83.26,,4.5,96,https://www.amazon.co.uk/s?k=Clara+Clark+Bathroom+Set+Black,https://m.media-amazon.com/images/I/814gznv9sGL._AC_UL320_.jpg,home
"Black Bathroom Set - 10PC Bathroom Accessories Set",£75.50,,4.0,25,https://www.amazon.co.uk/s?k=Black+Bathroom+Accessories+Set,https://m.media-amazon.com/images/I/61nR-79o18L._AC_UL320_.jpg,home
"XJBTBA Gaming Desk, 60'' Gaming Desk with Hutch and LED Lights, Black",£289.99,,4.3,156,https://www.amazon.co.uk/s?k=XJBTBA+Gaming+Desk+Black+LED,https://m.media-amazon.com/images/I/81MnWCWyLcL._AC_UL320_.jpg,electronics
"VOSAREA 3pcs Cable Holder Cord Keeper, Black",£12.99,,4.5,892,https://www.amazon.co.uk/s?k=VOSAREA+Cable+Holder+Black,https://m.media-amazon.com/images/I/61-IhzLqUxL._AC_UL320_.jpg,electronics
"Excel Shortcuts Mouse Pad, Black Desk Mat",£15.99,,4.6,2341,https://www.amazon.co.uk/s?k=Excel+Shortcuts+Mouse+Pad,https://m.media-amazon.com/images/I/61q0p3jJbEL._AC_UL320_.jpg,electronics
"Wireless Charging Desk Mat with Detachable Charger, Black",£45.99,£59.99,4.4,127,https://www.amazon.co.uk/s?k=Wireless+Charging+Desk+Mat+Black,https://m.media-amazon.com/images/I/71BAbPWKf9L._AC_UL320_.jpg,electronics
"Black Metal Shoe Bench with Synthetic Leather Upholstery",£89.99,,4.3,67,https://www.amazon.co.uk/s?k=Black+Metal+Shoe+Bench,https://m.media-amazon.com/images/I/61TlfKVaORL._AC_UL320_.jpg,home
"Adjustable Metal Shoe Rack - Space-Saving Black Organizer",£49.99,£69.99,4.5,234,https://www.amazon.co.uk/s?k=Adjustable+Metal+Shoe+Rack+Black,https://m.media-amazon.com/images/I/71LAvv1IfAL._AC_UL320_.jpg,home
"Deer Head Wall Mount Art, Black Sculptures Statues",£39.99,,4.2,89,https://www.amazon.co.uk/s?k=Deer+Head+Wall+Mount+Black,https://m.media-amazon.com/images/I/51z1heF835L._AC_UL320_.jpg,home
"JETech Case for iPad Air 11-Inch, Black",£18.99,,4.7,3421,https://www.amazon.co.uk/s?k=JETech+iPad+Air+Case+Black,https://m.media-amazon.com/images/I/61+NHdvjnQL._AC_UL320_.jpg,electronics
"UESWILL Smooth Matte Hard Case for MacBook, Black",£22.99,,4.6,1876,https://www.amazon.co.uk/s?k=UESWILL+Matte+MacBook+Case+Black,https://m.media-amazon.com/images/I/51X7WdgyC2L._AC_UL320_.jpg,electronics
"AMUCK Abstract Mask Statue, Black Nordic Decor",£35.50,,4.1,45,https://www.amazon.co.uk/s?k=AMUCK+Abstract+Mask+Statue+Black,https://m.media-amazon.com/images/I/41eS7--44vL._AC_UL320_.jpg,home
